"SBWE0108","/f/i/file_13_16.jpg","/f/i/file_13_16.jpg"
,,
"SBWE0110","/f/i/file_13_17.jpg","/f/i/file_13_17.jpg"
,,
"SBWN3001","/f/i/file_13_18.jpg","/f/i/file_13_18.jpg"
,,
"SBWN3003","/f/i/file_13_20.jpg","/f/i/file_13_20.jpg"
,,
"SBWE0104","/f/i/file_13_21.jpg","/f/i/file_13_21.jpg"
,,
"SBWE0100","/f/i/file_13_22.jpg","/f/i/file_13_22.jpg"
,,
"SBWP0083","/f/i/file_13_33.jpg","/f/i/file_13_33.jpg"
,,
"SBWP0079","/f/i/file_13_34.jpg","/f/i/file_13_34.jpg"
,,
"SBWP0080","/f/i/file_13_35.jpg","/f/i/file_13_35.jpg"
,,
"SBWP0084","/f/i/file_13_36.jpg","/f/i/file_13_36.jpg"
,,
"SBWE4001","/f/i/file_13_80.jpg","/f/i/file_13_80.jpg"
,,
"SBWB3008","/f/i/file_13_37.jpg","/f/i/file_13_37.jpg"
,,
"SBWB0103","/f/i/file_13_38.jpg","/f/i/file_13_38.jpg"
,,
,,
"SBWN1002","/f/i/file_13_39.jpg","/f/i/file_13_39.jpg"
,,
"SBWN3004","/f/i/file_13_40.jpg","/f/i/file_13_40.jpg"
,,"/f/i/file_14_11_1.jpg"
,,
"SBWP0143","/f/i/file_13_41.jpg","/f/i/file_13_41.jpg"
,,
"SBWE4004","/G/P/GP-1750HD.jpg","/G/P/GP-1750HD.jpg"
,,
"SBWE4003","/G/P/GP-600.jpg","/G/P/GP-600.jpg"
,,
,,
"SBWB0111","/f/i/file_13_42.jpg","/f/i/file_13_42.jpg"
,,
,,
"SBWB0112","/f/i/file_13_43.jpg","/f/i/file_13_43.jpg"
,,
,,
"SBWB0107","/f/i/file_41.jpg","/f/i/file_41.jpg"
,,"/f/i/file_13_44.jpg"
,,
,,
"SBWF0106","/f/i/file_13_45.jpg","/f/i/file_13_45.jpg"
,,
"SBWB3002","/f/i/file_13_46.jpg","/f/i/file_13_46.jpg"
,,
"SBWE2000","/1/8/18lights.jpg","/1/8/18lights.jpg"
,,
"SBWE2004","/1/8/18lights_1.jpg","/1/8/18lights_1.jpg"
,,
"SBWE5033","/f/i/file_13_47.jpg","/f/i/file_13_47.jpg"
,,
"SBWE2009","/f/i/file_13_48.jpg","/f/i/file_13_48.jpg"
,,
"SBWE2001","/f/i/file_13_49.jpg","/f/i/file_13_49.jpg"
,,
"SBWE2005","/f/i/file_13_50.jpg","/f/i/file_13_50.jpg"
,,
"SBWE5046","/f/i/file_13_51.jpg","/f/i/file_13_51.jpg"
,,
"SBWP0135","/f/i/file_13_52.jpg","/f/i/file_13_52.jpg"
,,
,,
"SBWP0144","/f/i/file_13_53.jpg","/f/i/file_13_53.jpg"
,,
,,
"SBWP3000","/f/i/file_13_54.jpg","/f/i/file_13_54.jpg"
,,
,,
"SBWN2000","/f/i/file_13_55.jpg","/f/i/file_13_55.jpg"
,,
"SBWN2001","/f/i/file_13_56.jpg","/f/i/file_13_56.jpg"
,,
"SBWN2003","/f/i/file_13_57.jpg","/f/i/file_13_57.jpg"
,,
"SBWB2000","/f/i/file_23_15.jpg","/f/i/file_23_15.jpg"
,,"/n/a/name-red.jpg"
"SBWB2002","/f/i/file_22_51.jpg","/f/i/file_22_51.jpg"
,,
"SBWE0014","/f/i/file_13_58.jpg","/f/i/file_13_58.jpg"
,,
,,
"SBWE0015","/f/i/file_13_60.jpg","/f/i/file_13_60.jpg"
,,
,,
"SBWB3043","/f/i/file_13_61.jpg","/f/i/file_13_61.jpg"
,,
"SBWC8038","/f/i/file_13_81.jpg","/f/i/file_13_81.jpg"
,,
"SBWB0105","/f/i/file_13_62.jpg","/f/i/file_13_62.jpg"
,,
"SBWB0109","/f/i/file_13_64.jpg","/f/i/file_13_64.jpg"
,,
,,
,,
"SBWB0108","/f/i/file_13_65.jpg","/f/i/file_13_65.jpg"
,,
,,
,,
"SBWI0200","/f/i/file_13_66.jpg","/f/i/file_13_66.jpg"
,,
"SBWI0305","/f/i/file_13_67.jpg","/f/i/file_13_67.jpg"
,,
"SBWI0306","/f/i/file_13_68.jpg","/f/i/file_13_68.jpg"
,,
"SBWB1001","/f/i/file_13_69.jpg","/f/i/file_13_69.jpg"
,,
,,
"SBWB6000","/f/i/file_13_70.jpg","/f/i/file_13_70.jpg"
,,
,,
"SBWE5134","/f/i/file_13_71.jpg","/f/i/file_13_71.jpg"
,,
"SBWE5136","/f/i/file_13_72.jpg","/f/i/file_13_72.jpg"
,,
"SBWE5182","/f/i/file_13_73.jpg","/f/i/file_13_73.jpg"
,,
"SBWP9003","/f/i/file_13_76.jpg","/f/i/file_13_76.jpg"
,,
,,
"SBWB2001","/f/i/file_23_16.jpg","/f/i/file_23_16.jpg"
,,"/f/i/file_14_12_1.jpg"
"SBWN6031","/f/i/file_20_26.jpg","/f/i/file_20_26.jpg"
,,"/f/i/file_22_6_1.jpg"
,,"/f/i/file_23_2_1.jpg"
,,"/f/i/file_20_29_1.jpg"
,,"/f/i/file_24_1_1.jpg"
,,"/f/i/file_27_2.jpg"
,,"/f/i/file_25_1_1.jpg"
,,"/f/i/file_21_9_1.jpg"
,,"/f/i/file_26_1_1.jpg"
"SBWN6032","/f/i/file_20_26_1.jpg","/f/i/file_20_26_1.jpg"
,,"/f/i/file_26_2_1.jpg"
,,"/f/i/file_21_10_1.jpg"
,,"/f/i/file_24_2_1.jpg"
,,"/f/i/file_23_3_1.jpg"
,,"/f/i/file_25_2_1.jpg"
,,"/f/i/file_22_7_1.jpg"
,,"/f/i/file_27_1_1.jpg"
,,"/f/i/file_20_30_1.jpg"
"SBWE5041","/f/i/file_13_73_1.jpg","/f/i/file_13_73_1.jpg"
,,
"SBWB3107","/f/i/file_22_32.jpg","/f/i/file_22_32.jpg"
,,"/f/i/file_23_14_1_1.jpg"
"SBWE5188","/f/i/file_22_36_1.jpg","/f/i/file_22_36_1.jpg"
,,
"SBWB1008","/f/i/file_22_49.jpg","/f/i/file_22_49.jpg"
,,
,,
,,
,,
"SBWP1000","/a/l/altkitupdate.jpg","/a/l/altkitupdate.jpg"
,,
,,
,,
"SBWB2003","/f/i/file_23_17.jpg","/f/i/file_23_17.jpg"
,,
"SBWE4712","/e/4/e4712.jpg","/e/4/e4712.jpg"
,,
,,
"SBWB3007","/b/3/b3007.jpg","/b/3/b3007.jpg"
,,
,,
"SBWB3129",,
,,
,,
"SBWB3130",,
,,
,,
"SBWB3093",,
,,
,,
"SBWB0207","/b/0/b0207.jpg","/b/0/b0207.jpg"
,,
,,
,,
"SBWE4711","/e/4/e4711.jpg","/e/4/e4711.jpg"
,,
,,
,,
,,
"SBWN7000","/f/i/file_25_60.jpg","/f/i/file_25_60.jpg"
,,
"SBWP0009",,
,,
"SBWP0014",,
,,
"SBWP0015",,
,,
"SBWP0016",,
,,
"SBWP0017","/f/i/file_25_61.jpg","/f/i/file_25_61.jpg"
,,
,,
"SBWP0018",,
,,
,,
"SBWP0019",,
,,
,,
"SBWP0020",,
,,
,,
"SBWP0021",,
,,
,,
"SBWP0022",,
,,
,,
"SBWP0023",,
,,
,,
"SBWP0032",,
,,
,,
"SBWP0033",,
,,
,,
"SBWP0034",,
,,
,,
"SBWP0037",,
,,
,,
"SBWP0036",,
,,
,,
,,
"SBWP0038",,
,,
,,
,,
"SBWP0039",,
,,
,,
"SBWP0040",,
,,
,,
,,
"SBWP0041",,
,,
,,
"SBWP0042",,
,,
,,
"SBWP0043",,
,,
,,
"SBWP0075",,
,,
,,
"SBWP0076",,
,,
,,
"SBWP0085",,
,,
,,
"SBWP0086",,
,,
,,
"SBWP0087",,
,,
,,
"SBWP0081",,
,,
,,
"SBWP0089",,
,,
,,
"SBWP0137",,
,,
,,
"SBWP0146","/f/i/file_25_62.jpg","/f/i/file_25_62.jpg"
,,
,,
"SBWP0148","/f/i/file_25_63.jpg","/f/i/file_25_63.jpg"
,,
,,
"SBWP0175","/f/i/file_25_64.jpg","/f/i/file_25_64.jpg"
,,
,,
,,
"SBWP0176",,
,,
,,
"SBWP0177",,
,,
,,
"SBWP0179",,
,,
,,
"SBWP0181",,
,,
,,
,,
"SBWP0180",,
,,
,,
"SBWP0190",,
,,
,,
,,
"SBWP0191",,
,,
,,
"SBWP0192",,
,,
,,
,,
"SBWP0193",,
,,
,,
"SBWP0200",,
,,
,,
"SBWP0203",,
,,
,,
"SBWP0206",,
,,
,,
,,
"SBWP0207","/p/o/polar-mach-shroud_small.jpg","/p/o/polar-mach-shroud_small.jpg"
,,
,,
"SBWP0210","/f/i/file_25_65.jpg","/f/i/file_25_65.jpg"
,,
,,
"SBWP0213",,
,,
,,
"SBWP0214",,
,,
,,
,,
"SBWP0215",,
,,
,,
,,
"SBWP0216","/f/i/file_25_66.jpg","/f/i/file_25_66.jpg"
,,
,,
"SBWP0218",,
,,
,,
"SBWP1014","/f/i/file_25_67.jpg","/f/i/file_25_67.jpg"
,,
,,
,,
"SBWP1015","/f/i/file_25_68.jpg","/f/i/file_25_68.jpg"
,,
,,
"SBWP1101",,
,,
"SBWP9000",,
,,
"SBWP9019",,
,,
"SBWP9026",,
,,
"SBWP9027",,
,,
"SBWP9038",,
,,
"SBWP9035",,
,,
"SBWP9034",,
,,
,,
"SBWP0103",,
,,
,,
"SBWP0145","/f/i/file_26_32.jpg","/f/i/file_26_32.jpg"
,,
,,
"SBWP0149",,
,,
,,
"SBWP0150",,
,,
,,
"SBWP9001",,
,,
,,
"SBWP0156",,
,,
,,
"SBWP0157",,
,,
,,
"SBWP0158","/f/i/file_26_33.jpg","/f/i/file_26_33.jpg"
,,
,,
"SBWP0159",,
,,
,,
"SBWP0160",,
,,
,,
"SBWP0172",,
,,
"SBWP0189",,
,,
,,
"SBWP3001","/f/i/file.gif","/f/i/file.gif"
,,
,,
"SBWP3002",,
,,
,,
"SBWP3003",,
,,
,,
"SBWP3004",,
,,
,,
"SBWP9002",,
,,
,,
"SBWP9099","/a/i/airtronic.jpg","/a/i/airtronic.jpg"
,,
,,
"SBWP9006",,
,,
,,
"SBWP9007",,
,,
,,
"SBWP9009",,
,,
,,
"SBWP9010",,
,,
,,
"SBWP9011",,
,,
,,
"SBWP9020",,
,,
,,
"SBWP9021",,
,,
,,
"SBWP9024",,
,,
,,
"SBWP9025",,
,,
,,
"SBWP9028",,
,,
,,
"SBWP9029",,
,,
,,
"SBWP9030",,
,,
,,
"SBWP9031",,
,,
,,
"SBWP9032",,
,,
,,
"SBWP9033",,
,,
,,
"SBWP0090",,
,,
,,
"SBWP0091","/f/i/file_26_34.jpg","/f/i/file_26_34.jpg"
,,
,,
"SBWP0183",,
,,
,,
"SBWP0201",,
,,
,,
,,
"SBWP0202",,
,,
,,
,,
"SBWP0204",,
,,
,,
"SBWP0217",,
,,
,,
"SBWP1002",,
,,
,,
"SBWP1003",,
,,
,,
"SBWP1004",,
,,
,,
"SBWP1005",,
,,
,,
"SBWP1011","/f/i/file_26_36.jpg","/f/i/file_26_36.jpg"
,,
,,
"SBWP1012","/t/e/tensioner.jpg","/t/e/tensioner.jpg"
,,"/f/i/file_28_4.jpg"
,,
"SBWP1013","no_selection","/f/i/file_28_5_1.jpg"
,,
,,
"SBWP1017","/f/i/file_30_1.jpg","/f/i/file_30_1.jpg"
,,
,,
"SBWP1018","/f/i/file_30_2.jpg","/f/i/file_30_2.jpg"
,,
,,
"SBWP2000",,
,,
,,
"SBWP2001","/f/i/file_30_3.jpg","/f/i/file_30_3.jpg"
,,
,,
"SBWP2002",,
,,
,,
"SBWP2003",,
,,
,,
"SBWP2004",,
,,
,,
"SBWP2005",,
,,
,,
"SBWP2006",,
,,
,,
"SBWP9036","/f/i/file_30_4.jpg","/f/i/file_30_4.jpg"
,,
,,
"SBWP9037","/f/i/file_31.jpg","/f/i/file_31.jpg"
,,
,,
"SBWE4022","/g/p/gp2500.jpg","/g/p/gp2500.jpg"
,,
,,
"SBWE4701","/f/i/file_34_2.jpg","/f/i/file_34_2.jpg"
,,
,,
"SBWE4702","/f/i/file_34_3.jpg","/f/i/file_34_3.jpg"
,,
,,
"SBWE4703",,
,,
,,
"SBWE4704",,
,,
,,
"SBWE4705",,
,,
,,
"SBWE4706","/f/i/file_1.gif","/f/i/file_1.gif"
,,
,,
"SBWE4707",,
,,
,,
"SBWE4708","/f/i/file_34_4.jpg","/f/i/file_34_4.jpg"
,,
,,
"SBWE4709","/f/i/file_34_5.jpg","/f/i/file_34_5.jpg"
,,
,,
"SBWE4710","/f/i/file_34_6.jpg","/f/i/file_34_6.jpg"
,,
,,
"SBWE4714","/f/i/file_34_7.jpg","/f/i/file_34_7.jpg"
,,
,,
,,
"SBWE4717","/f/i/file_34_8.jpg","/f/i/file_34_8.jpg"
,,
,,
,,
"SBWE4719","/f/i/file_34_10.jpg","/f/i/file_34_10.jpg"
,,
,,
,,
"SBWE4725",,
,,
,,
,,
"SBWE4727",,
,,
,,
,,
"SBWE5000","/f/i/file_35.jpg","/f/i/file_35.jpg"
,,
,,
,,
"SBWE5014",,
,,
,,
"SBWE5034","/f/i/file_36.jpg","/f/i/file_36.jpg"
,,
,,
,,
"SBWE5056","/f/i/file_1_1.gif","/f/i/file_2.gif"
,,"/f/i/file_1_1.gif"
,,
,,
"SBWE5070","/f/i/file_37.jpg","/f/i/file_37.jpg"
,,
,,
,,
"SBWE5084","/f/i/file_38.jpg","/f/i/file_38.jpg"
,,
,,
"SBWE0002","/c/c/cc50d01r-sr-2t.jpg","/c/c/cc50d01r-sr-2t.jpg"
,,
,,
,,
"SBWE0007","/f/i/file_38_2.jpg","/f/i/file_38_2.jpg"
,,
,,
"SBWE0008","/s/b/sbwe0008.jpg","/s/b/sbwe0008.jpg"
,,
,,
,,
"SBWE0009","/f/i/file_39.jpg","/f/i/file_39.jpg"
,,
,,
,,
"SBWP1001","/p/1/p1001.jpg","/p/1/p1001.jpg"
,,
,,
"SBWB0114","/f/i/file_41_4.jpg","/f/i/file_41_4.jpg"
,,
,,
"SBWC0100","/f/i/file_41_5.jpg","/f/i/file_41_5.jpg"
,,
,,
"SBWC0101","/f/i/file_42.jpg","/f/i/file_42.jpg"
,,
,,
,,
"SBWC0102","/f/i/file_43.jpg","/f/i/file_43.jpg"
,,
,,
"SBWC0103","/f/i/file_43_1.jpg","/f/i/file_43_1.jpg"
,,
,,
"SBWC0104","/c/0/c0104.jpg","/c/0/c0104.jpg"
,,
,,
"SBWC2001","/f/i/file_43_2.jpg","/f/i/file_43_2.jpg"
,,
,,
"SBWC2002","/f/i/file_44.jpg","/f/i/file_44.jpg"
,,
,,
"SBWC2003",,
,,
,,
,,
"SBWC2004","/f/i/file_45.jpg","/f/i/file_45.jpg"
,,
,,
,,
"SBWC2005","/f/i/file_46.jpg","/f/i/file_46.jpg"
,,
,,
"SBWC2006","/f/i/file_47.jpg","/f/i/file_47.jpg"
,,
,,
"SBWC2007","/f/i/file_48.jpg","/f/i/file_48.jpg"
,,
,,
"SBWC2008","/f/i/file_49.jpg","/f/i/file_49.jpg"
,,
,,
"SBWC7001","/f/i/file_51.jpg","/f/i/file_51.jpg"
,,
,,
"SBWN6003","/f/i/file_53.jpg","/f/i/file_53.jpg"
,,
,,
"SBWN6048","/f/i/file_53_1.jpg","/f/i/file_53_1.jpg"
,,
"SBWC4001",,
,,
,,
"SBWB0101",,
,,
,,
"SBWB0102",,
,,
,,
"SBWB0205","/f/i/file_57_1.jpg","/f/i/file_57_1.jpg"
,,
,,
"SBWB1003","/f/i/file_59_1.jpg","/f/i/file_59_1.jpg"
,,"/f/i/file_60.jpg"
,,
,,
"SBWE2008",,
,,
"SBWI0101","/f/i/file_64.jpg","/f/i/file_64.jpg"
,,
"SBWB3003","/f/i/file_3.gif","/f/i/file_3.gif"
,,
"SBWB3006","/f/i/file.jpeg","/f/i/file.jpeg"
,,
,,
"SBWB3009","/f/i/file_64_2.jpg","/f/i/file_64_2.jpg"
,,
"SBWB3010","/f/i/file_65.jpg","/f/i/file_65.jpg"
,,
"SBWB3011","/f/i/file_1.jpeg","/f/i/file_1.jpeg"
,,
,,
"SBWB3013",,
,,
,,
"SBWB3014",,
,,
,,
"SBWB3015",,
,,
,,
"SBWB3016",,
,,
,,
"SBWB3017",,
,,
,,
"SBWB3018",,
,,
,,
"SBWB3019",,
,,
,,
"SBWB3021","/f/i/file_65_2.jpg","/f/i/file_65_2.jpg"
,,
,,
"SBWB3026","/f/i/file_66.jpg","/f/i/file_66.jpg"
,,
,,
"SBWB3034","/f/i/file_68.jpg","/f/i/file_68.jpg"
,,
"SBWB3037","/f/i/file_69.jpg","/f/i/file_69.jpg"
,,
,,
"SBWB3044","/f/i/file_70.jpg","/f/i/file_70.jpg"
,,
,,
"SBWB3045","/f/i/file_70_1.jpg","/f/i/file_70_1.jpg"
,,
,,
"SBWB3047","/f/i/file_70_2.jpg","/f/i/file_70_2.jpg"
,,
,,
"SBWB3051",,
,,
,,
"SBWB3054",,
,,
,,
"SBWB3055",,
,,
,,
"SBWB3056","/f/i/file_73_1.jpg","/f/i/file_73_1.jpg"
,,
,,
"SBWB3020",,
,,
,,
"SBWB3040",,
,,
,,
"SBWB3041",,
,,
,,
"SBWE0099","/f/i/file_74_1.jpg","/f/i/file_74_1.jpg"
,,
,,
,,
"SBWE0102","/f/i/file_74_2.jpg","/f/i/file_74_2.jpg"
,,
,,
"SBWB3059","/f/i/file_76.jpg","/f/i/file_76.jpg"
,,
,,
"SBWB3064","/f/i/file_76_1.jpg","/f/i/file_76_1.jpg"
,,
"SBWB3070",,
,,
,,
"SBWB3071",,
,,
,,
"SBWB3081","/f/i/file_5.jpeg","/f/i/file_5.jpeg"
,,
,,
"SBWB3082","/f/i/file_77_1.jpg","/f/i/file_77_1.jpg"
